{"stats":{"minecraft:mined":{"minecraft:red_carpet":4,"minecraft:deepslate_diamond_ore":4,"minecraft:potted_flowering_azalea_bush":1,"minecraft:acacia_log":10,"minecraft:grass_block":10,"minecraft:decorated_pot":1,"minecraft:moss_block":1,"minecraft:kelp":1,"minecraft:hay_block":64,"minecraft:magma_block":6,"minecraft:furnace":1,"minecraft:carrots":3,"minecraft:iron_ore":31,"minecraft:fire":1,"minecraft:barrel":1,"minecraft:moss_carpet":1,"minecraft:pumpkin":5,"minecraft:azure_bluet":1,"minecraft:dirt_path":1,"minecraft:deepslate_iron_ore":9,"minecraft:oak_stairs":1,"minecraft:black_candle":1,"minecraft:stone":77,"minecraft:white_wool":1,"minecraft:acacia_leaves":1,"minecraft:red_bed":1,"minecraft:blackstone":57,"minecraft:kelp_plant":4,"minecraft:dandelion":1,"minecraft:crafting_table":7,"minecraft:torch":1,"minecraft:poppy":1,"minecraft:chest":6,"minecraft:cobblestone":3,"minecraft:tall_grass":15,"minecraft:copper_ore":9,"minecraft:oak_planks":11,"minecraft:wall_torch":2,"minecraft:seagrass":1,"minecraft:spruce_stairs":1,"minecraft:coarse_dirt":1,"minecraft:yellow_bed":3,"minecraft:grass":50,"minecraft:oak_log":42,"minecraft:coal_ore":59,"minecraft:dripstone_block":1,"minecraft:dirt":8,"minecraft:cobweb":2,"minecraft:smooth_basalt":2,"minecraft:oak_leaves":19,"minecraft:deepslate":1,"minecraft:suspicious_gravel":1},"minecraft:killed_by":{"minecraft:zombie_villager":1,"minecraft:creeper":2,"minecraft:enderman":1,"minecraft:skeleton":2,"minecraft:zombie":2},"minecraft:crafted":{"minecraft:oak_planks":44,"minecraft:stone_shovel":2,"minecraft:furnace":2,"minecraft:cooked_mutton":1,"minecraft:bow":1,"minecraft:iron_axe":1,"minecraft:stone_pickaxe":3,"minecraft:chest":1,"minecraft:stone_hoe":1,"minecraft:wheat":576,"minecraft:crafting_table":3,"minecraft:stone_axe":1,"minecraft:bread":156,"minecraft:iron_chestplate":1,"minecraft:shield":2,"minecraft:stick":40,"minecraft:iron_ingot":38,"minecraft:wooden_axe":1,"minecraft:stone_sword":1,"minecraft:iron_leggings":1,"minecraft:acacia_planks":4,"minecraft:torch":44},"minecraft:custom":{"minecraft:mob_kills":15,"minecraft:interact_with_crafting_table":29,"minecraft:open_barrel":7,"minecraft:bell_ring":15,"minecraft:leave_game":27,"minecraft:time_since_death":7779,"minecraft:climb_one_cm":5937,"minecraft:sprint_one_cm":292726,"minecraft:walk_one_cm":1722586,"minecraft:damage_blocked_by_shield":4420,"minecraft:drop":36,"minecraft:talked_to_villager":13,"minecraft:sneak_time":17469,"minecraft:play_time":400013,"minecraft:deaths":9,"minecraft:walk_under_water_one_cm":2206,"minecraft:jump":3313,"minecraft:interact_with_blast_furnace":3,"minecraft:walk_on_water_one_cm":8556,"minecraft:total_world_time":400013,"minecraft:interact_with_furnace":11,"minecraft:pot_flower":1,"minecraft:sleep_in_bed":24,"minecraft:time_since_rest":7850,"minecraft:damage_taken":3366,"minecraft:damage_dealt":2172,"minecraft:swim_one_cm":33448,"minecraft:fly_one_cm":79062,"minecraft:open_chest":75,"minecraft:crouch_one_cm":27125,"minecraft:fall_one_cm":34505,"minecraft:horse_one_cm":82},"minecraft:picked_up":{"minecraft:crafting_table":7,"minecraft:shelter_pottery_sherd":1,"minecraft:coarse_dirt":5,"minecraft:azure_bluet":9,"minecraft:chicken":1,"minecraft:flower_pot":1,"minecraft:golden_pickaxe":1,"minecraft:oak_stairs":2,"minecraft:enchanted_book":1,"minecraft:stone_brick_stairs":4,"minecraft:shield":1,"minecraft:string":18,"minecraft:red_bed":1,"minecraft:moss_carpet":1,"minecraft:raw_copper":27,"minecraft:iron_axe":3,"minecraft:iron_leggings":6,"minecraft:blackstone":129,"minecraft:gold_nugget":8,"minecraft:cobbled_deepslate":1,"minecraft:light_weighted_pressure_plate":2,"minecraft:iron_nugget":28,"minecraft:iron_pickaxe":7,"minecraft:chest":8,"minecraft:furnace":2,"minecraft:egg":4,"minecraft:stick":10,"minecraft:raw_iron":58,"minecraft:sheaf_pottery_sherd":1,"minecraft:torch":24,"minecraft:bowl":6,"minecraft:acacia_log":10,"minecraft:spruce_stairs":4,"minecraft:pointed_dripstone":6,"minecraft:carrot":12,"minecraft:stone_sword":10,"minecraft:arrow":225,"minecraft:rotten_flesh":6,"minecraft:stone_shovel":1,"minecraft:hay_block":64,"minecraft:mutton":19,"minecraft:white_wool":10,"minecraft:cobblestone":188,"minecraft:magma_block":22,"minecraft:leather_chestplate":7,"minecraft:feather":3,"minecraft:cooked_beef":29,"minecraft:andesite":2,"minecraft:potato":7,"minecraft:oak_log":52,"minecraft:yellow_bed":3,"minecraft:dirt":58,"minecraft:name_tag":2,"minecraft:leather_boots":4,"minecraft:cooked_mutton":1,"minecraft:red_carpet":4,"minecraft:bone":23,"minecraft:apple":30,"minecraft:kelp":2,"minecraft:bow":5,"minecraft:wheat_seeds":10,"minecraft:iron_ingot":10,"minecraft:stone_pickaxe":7,"minecraft:iron_sword":1,"minecraft:stone_hoe":3,"minecraft:oak_planks":11,"minecraft:flowering_azalea":1,"minecraft:book":2,"minecraft:smooth_basalt":2,"minecraft:milk_bucket":5,"minecraft:black_candle":4,"minecraft:pumpkin":5,"minecraft:dandelion":4,"minecraft:dripstone_block":1,"minecraft:gold_ore":2,"minecraft:spider_eye":4,"minecraft:spectral_arrow":20,"minecraft:barrel":1,"minecraft:diamond":14,"minecraft:snort_pottery_sherd":1,"minecraft:stone_axe":3,"minecraft:angler_pottery_sherd":1,"minecraft:iron_helmet":5,"minecraft:bread":80,"minecraft:netherrack":2,"minecraft:coal":88,"minecraft:diamond_pickaxe":1},"minecraft:broken":{"minecraft:shield":2,"minecraft:golden_pickaxe":1},"minecraft:used":{"minecraft:stone_sword":115,"minecraft:stone_shovel":5,"minecraft:chest":5,"minecraft:shield":200,"minecraft:stone_hoe":68,"minecraft:torch":40,"minecraft:dirt":40,"minecraft:wooden_axe":46,"minecraft:iron_axe":1,"minecraft:barrel":1,"minecraft:red_carpet":4,"minecraft:bow":6,"minecraft:furnace":3,"minecraft:egg":1,"minecraft:cooked_beef":7,"minecraft:iron_leggings":1,"minecraft:cooked_mutton":1,"minecraft:stone_pickaxe":181,"minecraft:oak_planks":1,"minecraft:leather_chestplate":1,"minecraft:white_wool":1,"minecraft:crafting_table":9,"minecraft:red_bed":1,"minecraft:flower_pot":1,"minecraft:bread":12,"minecraft:iron_pickaxe":56,"minecraft:stone_axe":28,"minecraft:cobblestone":11,"minecraft:yellow_bed":3,"minecraft:coarse_dirt":3,"minecraft:golden_pickaxe":32,"minecraft:cobweb":2},"minecraft:dropped":{"minecraft:bread":63,"minecraft:iron_chestplate":1,"minecraft:bow":1},"minecraft:killed":{"minecraft:spider":1,"minecraft:skeleton":5,"minecraft:chicken":1,"minecraft:sheep":2,"minecraft:pillager":2,"minecraft:zombie":2}},"DataVersion":3578}