{"stats":{"minecraft:killed":{"minecraft:pig":2,"minecraft:rabbit":1,"minecraft:sheep":5,"minecraft:skeleton":2,"minecraft:zombie":4,"minecraft:cow":1},"minecraft:picked_up":{"minecraft:coarse_dirt":2,"minecraft:iron_chestplate":2,"minecraft:crafting_table":4,"minecraft:leather_chestplate":1,"minecraft:azure_bluet":21,"minecraft:leather":2,"minecraft:brown_wool":2,"minecraft:potato":4,"minecraft:enchanted_book":1,"minecraft:oak_log":10,"minecraft:yellow_bed":1,"minecraft:shield":1,"minecraft:dirt":1305,"minecraft:name_tag":1,"minecraft:flint_and_steel":1,"minecraft:iron_leggings":2,"minecraft:leather_boots":1,"minecraft:acacia_planks":34,"minecraft:apple":9,"minecraft:bow":1,"minecraft:wheat_seeds":27,"minecraft:gold_nugget":4,"minecraft:cobbled_deepslate":28,"minecraft:bucket":1,"minecraft:stone_pickaxe":2,"minecraft:iron_ingot":4,"minecraft:beef":2,"minecraft:cooked_chicken":1,"minecraft:poppy":28,"minecraft:iron_nugget":3,"minecraft:iron_pickaxe":3,"minecraft:rabbit":1,"minecraft:stone_hoe":1,"minecraft:oak_planks":1,"minecraft:chest":3,"minecraft:iron_sword":1,"minecraft:iron_boots":1,"minecraft:furnace":1,"minecraft:smooth_basalt":1,"minecraft:raw_iron":46,"minecraft:stick":10,"minecraft:milk_bucket":1,"minecraft:cooked_porkchop":4,"minecraft:dandelion":4,"minecraft:torch":22,"minecraft:spruce_fence":1,"minecraft:gravel":5,"minecraft:porkchop":4,"minecraft:blast_furnace":3,"minecraft:white_bed":1,"minecraft:spectral_arrow":10,"minecraft:stone_sword":2,"minecraft:arrow":38,"minecraft:rotten_flesh":1,"minecraft:diamond":3,"minecraft:stone_axe":2,"minecraft:iron_helmet":2,"minecraft:bread":64,"minecraft:gold_ingot":5,"minecraft:emerald":3,"minecraft:obsidian":14,"minecraft:glow_berries":2,"minecraft:mutton":6,"minecraft:coal":157,"minecraft:white_wool":4,"minecraft:cobblestone":327},"minecraft:broken":{"minecraft:iron_pickaxe":1,"minecraft:stone_shovel":9},"minecraft:used":{"minecraft:stone_sword":54,"minecraft:stone_shovel":1370,"minecraft:stone_pickaxe":122,"minecraft:poppy":1,"minecraft:wooden_pickaxe":4,"minecraft:chest":5,"minecraft:shield":10,"minecraft:iron_sword":45,"minecraft:iron_chestplate":1,"minecraft:torch":51,"minecraft:glow_berries":2,"minecraft:dirt":1181,"minecraft:crafting_table":4,"minecraft:blast_furnace":1,"minecraft:white_bed":1,"minecraft:azure_bluet":1,"minecraft:spruce_fence":1,"minecraft:bread":29,"minecraft:brown_wool":1,"minecraft:iron_pickaxe":419,"minecraft:iron_helmet":1,"minecraft:iron_boots":2,"minecraft:gravel":2,"minecraft:stone_axe":2,"minecraft:bow":1,"minecraft:cobblestone":18,"minecraft:furnace":3,"minecraft:cobbled_deepslate":1,"minecraft:iron_leggings":2},"minecraft:crafted":{"minecraft:oak_planks":24,"minecraft:stone_shovel":13,"minecraft:cooked_porkchop":4,"minecraft:crafting_table":1,"minecraft:wooden_pickaxe":1,"minecraft:cooked_chicken":1,"minecraft:iron_helmet":2,"minecraft:iron_sword":1,"minecraft:furnace":2,"minecraft:stone_axe":1,"minecraft:cooked_mutton":4,"minecraft:iron_boots":1,"minecraft:diamond_pickaxe":1,"minecraft:shield":1,"minecraft:stick":60,"minecraft:iron_ingot":35,"minecraft:iron_pickaxe":3,"minecraft:stone_pickaxe":2,"minecraft:stone_sword":2,"minecraft:chest":2,"minecraft:iron_leggings":1,"minecraft:acacia_planks":36,"minecraft:torch":96},"minecraft:custom":{"minecraft:interact_with_furnace":27,"minecraft:mob_kills":15,"minecraft:interact_with_crafting_table":30,"minecraft:open_barrel":2,"minecraft:leave_game":7,"minecraft:time_since_death":125177,"minecraft:sleep_in_bed":15,"minecraft:climb_one_cm":2976,"minecraft:time_since_rest":57,"minecraft:sprint_one_cm":261939,"minecraft:damage_taken":1217,"minecraft:walk_one_cm":677842,"minecraft:damage_blocked_by_shield":520,"minecraft:drop":6,"minecraft:damage_dealt":1877,"minecraft:talked_to_villager":7,"minecraft:fly_one_cm":198036,"minecraft:open_chest":51,"minecraft:crouch_one_cm":7830,"minecraft:play_time":186920,"minecraft:deaths":1,"minecraft:sneak_time":5070,"minecraft:walk_under_water_one_cm":631,"minecraft:jump":2329,"minecraft:walk_on_water_one_cm":1661,"minecraft:total_world_time":186920,"minecraft:fall_one_cm":52108},"minecraft:dropped":{"minecraft:iron_nugget":2,"minecraft:stone_sword":1,"minecraft:azure_bluet":1,"minecraft:dirt":6,"minecraft:white_wool":1},"minecraft:killed_by":{"minecraft:enderman":1},"minecraft:mined":{"minecraft:white_bed":1,"minecraft:dandelion":4,"minecraft:crafting_table":3,"minecraft:torch":4,"minecraft:cave_vines_plant":1,"minecraft:blast_furnace":2,"minecraft:grass_block":580,"minecraft:spruce_fence":1,"minecraft:poppy":15,"minecraft:brown_wool":1,"minecraft:chest":1,"minecraft:tall_grass":29,"minecraft:cobblestone":2,"minecraft:deepslate_coal_ore":5,"minecraft:green_stained_glass_pane":1,"minecraft:wall_torch":8,"minecraft:coarse_dirt":2,"minecraft:furnace":1,"minecraft:iron_ore":26,"minecraft:cobbled_deepslate":1,"minecraft:azure_bluet":15,"minecraft:grass":54,"minecraft:dirt_path":1,"minecraft:coal_ore":116,"minecraft:oak_log":6,"minecraft:deepslate_iron_ore":14,"minecraft:gravel":5,"minecraft:dirt":802,"minecraft:smooth_basalt":1,"minecraft:stone":325,"minecraft:small_dripleaf":1,"minecraft:deepslate":29}},"DataVersion":3578}