{"stats":{"minecraft:custom":{"minecraft:mob_kills":3,"minecraft:interact_with_crafting_table":8,"minecraft:leave_game":10,"minecraft:time_since_death":93202,"minecraft:sleep_in_bed":7,"minecraft:climb_one_cm":100,"minecraft:time_since_rest":4404,"minecraft:sprint_one_cm":39765,"minecraft:damage_taken":595,"minecraft:walk_one_cm":338873,"minecraft:damage_dealt":265,"minecraft:talked_to_villager":3,"minecraft:fly_one_cm":8043,"minecraft:open_chest":18,"minecraft:crouch_one_cm":970,"minecraft:play_time":103311,"minecraft:deaths":1,"minecraft:sneak_time":587,"minecraft:jump":836,"minecraft:walk_on_water_one_cm":162,"minecraft:total_world_time":103311,"minecraft:fall_one_cm":4802,"minecraft:horse_one_cm":82},"minecraft:broken":{"minecraft:golden_pickaxe":1},"minecraft:picked_up":{"minecraft:shelter_pottery_sherd":1,"minecraft:crafting_table":1,"minecraft:leather_chestplate":1,"minecraft:chicken":1,"minecraft:golden_pickaxe":1,"minecraft:potato":7,"minecraft:oak_stairs":2,"minecraft:stone_brick_stairs":4,"minecraft:oak_log":6,"minecraft:dirt":11,"minecraft:moss_carpet":1,"minecraft:raw_copper":27,"minecraft:leather_boots":1,"minecraft:bone":1,"minecraft:apple":8,"minecraft:wheat_seeds":2,"minecraft:light_weighted_pressure_plate":2,"minecraft:iron_nugget":26,"minecraft:chest":3,"minecraft:oak_planks":2,"minecraft:book":1,"minecraft:raw_iron":6,"minecraft:sheaf_pottery_sherd":1,"minecraft:pumpkin":5,"minecraft:acacia_log":10,"minecraft:dripstone_block":1,"minecraft:rotten_flesh":1,"minecraft:snort_pottery_sherd":1,"minecraft:angler_pottery_sherd":1,"minecraft:hay_block":34,"minecraft:bread":2,"minecraft:netherrack":2,"minecraft:coal":47,"minecraft:cobblestone":56},"minecraft:crafted":{"minecraft:oak_planks":24,"minecraft:stone_shovel":1,"minecraft:crafting_table":1,"minecraft:furnace":1,"minecraft:stone_axe":1,"minecraft:bread":30,"minecraft:shield":1,"minecraft:stick":16,"minecraft:iron_ingot":1,"minecraft:stone_pickaxe":2,"minecraft:stone_sword":1,"minecraft:chest":1,"minecraft:acacia_planks":4,"minecraft:torch":12,"minecraft:stone_hoe":1,"minecraft:wheat":90},"minecraft:killed":{"minecraft:skeleton":1,"minecraft:chicken":1},"minecraft:mined":{"minecraft:acacia_leaves":1,"minecraft:crafting_table":1,"minecraft:acacia_log":10,"minecraft:grass_block":4,"minecraft:decorated_pot":1,"minecraft:chest":3,"minecraft:copper_ore":9,"minecraft:oak_planks":2,"minecraft:moss_block":1,"minecraft:hay_block":34,"minecraft:iron_ore":6,"minecraft:moss_carpet":1,"minecraft:pumpkin":5,"minecraft:grass":10,"minecraft:coal_ore":44,"minecraft:oak_log":6,"minecraft:dirt_path":1,"minecraft:oak_stairs":1,"minecraft:dripstone_block":1,"minecraft:dirt":3,"minecraft:stone":56,"minecraft:suspicious_gravel":1},"minecraft:used":{"minecraft:stone_sword":13,"minecraft:stone_shovel":4,"minecraft:stone_pickaxe":87,"minecraft:oak_planks":1,"minecraft:chest":3,"minecraft:stone_hoe":32,"minecraft:torch":5,"minecraft:dirt":8,"minecraft:crafting_table":2,"minecraft:bread":7,"minecraft:stone_axe":13,"minecraft:furnace":1,"minecraft:golden_pickaxe":32},"minecraft:killed_by":{"minecraft:creeper":1}},"DataVersion":3578}