{"stats":{"minecraft:mined":{"minecraft:black_shulker_box":1,"minecraft:tuff":5,"minecraft:white_bed":2,"minecraft:deepslate_diamond_ore":4,"minecraft:cave_vines_plant":1,"minecraft:spruce_fence":1,"minecraft:grass_block":584,"minecraft:brown_wool":1,"minecraft:tall_seagrass":1,"minecraft:furnace":1,"minecraft:iron_ore":43,"minecraft:cobbled_deepslate":1,"minecraft:andesite":3,"minecraft:azure_bluet":15,"minecraft:pointed_dripstone":4,"minecraft:dirt_path":1,"minecraft:deepslate_iron_ore":51,"minecraft:stone":377,"minecraft:ender_chest":2,"minecraft:blackstone":4,"minecraft:dandelion":4,"minecraft:crafting_table":5,"minecraft:torch":13,"minecraft:blast_furnace":2,"minecraft:emerald_ore":1,"minecraft:poppy":15,"minecraft:chest":1,"minecraft:cobblestone":4,"minecraft:tall_grass":32,"minecraft:deepslate_coal_ore":5,"minecraft:deepslate_gold_ore":3,"minecraft:green_stained_glass_pane":1,"minecraft:wall_torch":19,"minecraft:coarse_dirt":2,"minecraft:grass":55,"minecraft:coal_ore":152,"minecraft:oak_log":6,"minecraft:gravel":5,"minecraft:dirt":807,"minecraft:smooth_basalt":1,"minecraft:small_dripleaf":1,"minecraft:deepslate":55},"minecraft:killed_by":{"minecraft:creeper":1,"minecraft:enderman":1},"minecraft:crafted":{"minecraft:oak_planks":144,"minecraft:stone_shovel":13,"minecraft:cooked_chicken":1,"minecraft:furnace":2,"minecraft:cooked_mutton":4,"minecraft:iron_boots":1,"minecraft:stone_pickaxe":2,"minecraft:chest":2,"minecraft:cooked_porkchop":4,"minecraft:crafting_table":1,"minecraft:wooden_pickaxe":1,"minecraft:iron_helmet":2,"minecraft:iron_sword":2,"minecraft:stone_axe":1,"minecraft:diamond_pickaxe":1,"minecraft:shield":1,"minecraft:stick":84,"minecraft:iron_ingot":35,"minecraft:iron_pickaxe":4,"minecraft:stone_sword":2,"minecraft:iron_leggings":1,"minecraft:acacia_planks":36,"minecraft:torch":188},"minecraft:custom":{"minecraft:interact_with_smithing_table":7,"minecraft:interact_with_anvil":20,"minecraft:mob_kills":47,"minecraft:interact_with_crafting_table":34,"minecraft:open_barrel":2,"minecraft:open_shulker_box":9,"minecraft:leave_game":20,"minecraft:time_since_death":88470,"minecraft:climb_one_cm":2976,"minecraft:sprint_one_cm":337108,"minecraft:walk_one_cm":894028,"minecraft:damage_blocked_by_shield":2620,"minecraft:drop":95,"minecraft:talked_to_villager":7,"minecraft:play_time":310344,"minecraft:deaths":2,"minecraft:sneak_time":14819,"minecraft:walk_under_water_one_cm":1388,"minecraft:jump":3358,"minecraft:walk_on_water_one_cm":12345,"minecraft:total_world_time":310344,"minecraft:interact_with_furnace":28,"minecraft:sleep_in_bed":15,"minecraft:time_since_rest":88562,"minecraft:open_enderchest":28,"minecraft:damage_taken":2912,"minecraft:damage_dealt":7596,"minecraft:swim_one_cm":5894,"minecraft:fly_one_cm":322317,"minecraft:player_kills":2,"minecraft:open_chest":54,"minecraft:crouch_one_cm":27825,"minecraft:aviate_one_cm":95640,"minecraft:fall_one_cm":86408},"minecraft:picked_up":{"minecraft:crafting_table":7,"minecraft:iron_chestplate":3,"minecraft:coarse_dirt":2,"minecraft:azure_bluet":22,"minecraft:ender_chest":1,"minecraft:enchanted_book":1,"minecraft:shield":4,"minecraft:string":5,"minecraft:iron_axe":2,"minecraft:flint_and_steel":1,"minecraft:iron_leggings":4,"minecraft:blackstone":12,"minecraft:black_shulker_box":1,"minecraft:gold_nugget":4,"minecraft:cobbled_deepslate":55,"minecraft:bucket":1,"minecraft:beef":2,"minecraft:redstone_torch":2,"minecraft:iron_nugget":3,"minecraft:poppy":28,"minecraft:iron_pickaxe":9,"minecraft:chest":3,"minecraft:furnace":1,"minecraft:iron_boots":3,"minecraft:egg":1,"minecraft:stick":10,"minecraft:raw_iron":122,"minecraft:torch":62,"minecraft:spruce_stairs":1,"minecraft:spruce_fence":1,"minecraft:porkchop":4,"minecraft:pointed_dripstone":28,"minecraft:carrot":10,"minecraft:stone_sword":3,"minecraft:arrow":80,"minecraft:rotten_flesh":21,"minecraft:gold_ingot":5,"minecraft:glow_berries":2,"minecraft:mutton":11,"minecraft:obsidian":22,"minecraft:white_wool":8,"minecraft:cobblestone":518,"minecraft:magma_block":6,"minecraft:leather_chestplate":2,"minecraft:cooked_beef":4,"minecraft:water_bucket":1,"minecraft:andesite":3,"minecraft:brown_wool":2,"minecraft:leather":2,"minecraft:potato":4,"minecraft:tuff":4,"minecraft:oak_log":70,"minecraft:yellow_bed":1,"minecraft:dirt":1378,"minecraft:name_tag":1,"minecraft:leather_boots":1,"minecraft:cooked_mutton":4,"minecraft:bone":6,"minecraft:acacia_planks":34,"minecraft:apple":9,"minecraft:bow":6,"minecraft:wheat_seeds":29,"minecraft:raw_gold":6,"minecraft:iron_ingot":52,"minecraft:stone_pickaxe":2,"minecraft:cooked_chicken":1,"minecraft:rabbit":1,"minecraft:stone_hoe":1,"minecraft:iron_sword":2,"minecraft:oak_planks":1,"minecraft:smooth_basalt":1,"minecraft:milk_bucket":3,"minecraft:cooked_porkchop":10,"minecraft:dandelion":4,"minecraft:dripstone_block":9,"minecraft:gravel":5,"minecraft:blast_furnace":3,"minecraft:white_bed":2,"minecraft:loom":64,"minecraft:spectral_arrow":10,"minecraft:netherite_helmet":1,"minecraft:diamond":12,"minecraft:stone_axe":3,"minecraft:iron_helmet":5,"minecraft:emerald":5,"minecraft:bread":166,"minecraft:coal":266,"minecraft:diamond_pickaxe":1},"minecraft:broken":{"minecraft:shield":1,"minecraft:iron_pickaxe":1,"minecraft:stone_shovel":9},"minecraft:used":{"minecraft:stone_sword":82,"minecraft:stone_shovel":1370,"minecraft:poppy":1,"minecraft:chest":5,"minecraft:shield":72,"minecraft:ender_chest":4,"minecraft:iron_sword":315,"minecraft:iron_chestplate":1,"minecraft:torch":190,"minecraft:dirt":1193,"minecraft:anvil":2,"minecraft:mutton":1,"minecraft:bee_nest":1,"minecraft:tuff":1,"minecraft:spruce_fence":1,"minecraft:azure_bluet":1,"minecraft:iron_axe":2,"minecraft:iron_helmet":1,"minecraft:iron_boots":2,"minecraft:bow":3,"minecraft:furnace":3,"minecraft:netherite_pickaxe":3,"minecraft:cobbled_deepslate":4,"minecraft:pointed_dripstone":5,"minecraft:iron_leggings":2,"minecraft:water_bucket":5,"minecraft:stone_pickaxe":122,"minecraft:blackstone":1,"minecraft:ender_pearl":1,"minecraft:black_shulker_box":2,"minecraft:wooden_pickaxe":4,"minecraft:glow_berries":2,"minecraft:crafting_table":6,"minecraft:blast_furnace":1,"minecraft:white_bed":2,"minecraft:firework_rocket":3,"minecraft:bread":46,"minecraft:brown_wool":1,"minecraft:iron_pickaxe":616,"minecraft:gravel":2,"minecraft:stone_axe":2,"minecraft:cobblestone":82,"minecraft:cooked_porkchop":6,"minecraft:smithing_table":1,"minecraft:bucket":6,"minecraft:andesite":2},"minecraft:dropped":{"minecraft:bread":25,"minecraft:iron_ingot":20,"minecraft:iron_sword":1,"minecraft:wheat_seeds":2,"minecraft:cooked_beef":4,"minecraft:oak_log":30,"minecraft:loom":64,"minecraft:dripstone_block":9,"minecraft:netherite_helmet":1,"minecraft:iron_helmet":2,"minecraft:cobblestone":74,"minecraft:spruce_stairs":1,"minecraft:dirt":73,"minecraft:milk_bucket":2,"minecraft:mutton":4,"minecraft:snout_armor_trim_smithing_template":64,"minecraft:iron_leggings":1,"minecraft:amethyst_shard":64,"minecraft:iron_axe":1,"minecraft:iron_pickaxe":3,"minecraft:string":5,"minecraft:white_wool":1,"minecraft:redstone":64,"minecraft:bone":6,"minecraft:stone_axe":1,"minecraft:blackstone":2,"minecraft:iron_nugget":2,"minecraft:stone_sword":2,"minecraft:cobbled_deepslate":24,"minecraft:tuff":3,"minecraft:pointed_dripstone":21,"minecraft:raw_iron":28,"minecraft:rotten_flesh":19,"minecraft:iron_boots":1,"minecraft:azure_bluet":2,"minecraft:carrot":10,"minecraft:leather_chestplate":1,"minecraft:shield":1,"minecraft:andesite":1,"minecraft:redstone_torch":2,"minecraft:bow":3,"minecraft:arrow":39,"minecraft:magma_block":6,"minecraft:egg":1},"minecraft:killed":{"minecraft:cave_spider":1,"minecraft:spider":1,"minecraft:skeleton":9,"minecraft:pig":2,"minecraft:zombie_villager":1,"minecraft:rabbit":1,"minecraft:sheep":6,"minecraft:zombie":25,"minecraft:cow":1}},"DataVersion":3578}