{"stats":{"minecraft:mined":{"minecraft:white_bed":2,"minecraft:deepslate_diamond_ore":1,"minecraft:cave_vines_plant":1,"minecraft:grass_block":580,"minecraft:spruce_fence":1,"minecraft:brown_wool":1,"minecraft:tall_seagrass":1,"minecraft:furnace":1,"minecraft:iron_ore":38,"minecraft:cobbled_deepslate":1,"minecraft:andesite":3,"minecraft:azure_bluet":15,"minecraft:pointed_dripstone":4,"minecraft:dirt_path":1,"minecraft:deepslate_iron_ore":22,"minecraft:stone":375,"minecraft:blackstone":3,"minecraft:dandelion":4,"minecraft:crafting_table":3,"minecraft:torch":10,"minecraft:blast_furnace":2,"minecraft:emerald_ore":1,"minecraft:poppy":15,"minecraft:chest":1,"minecraft:cobblestone":3,"minecraft:tall_grass":32,"minecraft:deepslate_coal_ore":5,"minecraft:deepslate_gold_ore":3,"minecraft:green_stained_glass_pane":1,"minecraft:wall_torch":13,"minecraft:coarse_dirt":2,"minecraft:grass":55,"minecraft:coal_ore":152,"minecraft:oak_log":6,"minecraft:gravel":5,"minecraft:dirt":805,"minecraft:smooth_basalt":1,"minecraft:small_dripleaf":1,"minecraft:deepslate":34},"minecraft:killed_by":{"minecraft:creeper":1,"minecraft:enderman":1},"minecraft:crafted":{"minecraft:oak_planks":24,"minecraft:stone_shovel":13,"minecraft:cooked_chicken":1,"minecraft:furnace":2,"minecraft:cooked_mutton":4,"minecraft:iron_boots":1,"minecraft:stone_pickaxe":2,"minecraft:chest":2,"minecraft:cooked_porkchop":4,"minecraft:crafting_table":1,"minecraft:wooden_pickaxe":1,"minecraft:iron_helmet":2,"minecraft:iron_sword":1,"minecraft:stone_axe":1,"minecraft:diamond_pickaxe":1,"minecraft:shield":1,"minecraft:stick":60,"minecraft:iron_ingot":35,"minecraft:iron_pickaxe":3,"minecraft:stone_sword":2,"minecraft:iron_leggings":1,"minecraft:acacia_planks":36,"minecraft:torch":96},"minecraft:custom":{"minecraft:mob_kills":25,"minecraft:interact_with_crafting_table":30,"minecraft:open_barrel":2,"minecraft:leave_game":14,"minecraft:time_since_death":1029,"minecraft:climb_one_cm":2976,"minecraft:sprint_one_cm":310409,"minecraft:walk_one_cm":779617,"minecraft:damage_blocked_by_shield":1570,"minecraft:drop":14,"minecraft:talked_to_villager":7,"minecraft:play_time":222903,"minecraft:deaths":2,"minecraft:sneak_time":9288,"minecraft:walk_under_water_one_cm":664,"minecraft:jump":2886,"minecraft:walk_on_water_one_cm":11747,"minecraft:total_world_time":222903,"minecraft:interact_with_furnace":28,"minecraft:sleep_in_bed":15,"minecraft:time_since_rest":1121,"minecraft:damage_taken":2200,"minecraft:damage_dealt":3578,"minecraft:swim_one_cm":5894,"minecraft:fly_one_cm":236857,"minecraft:open_chest":54,"minecraft:crouch_one_cm":17364,"minecraft:fall_one_cm":72555},"minecraft:picked_up":{"minecraft:crafting_table":4,"minecraft:iron_chestplate":3,"minecraft:coarse_dirt":2,"minecraft:azure_bluet":21,"minecraft:enchanted_book":1,"minecraft:shield":2,"minecraft:string":5,"minecraft:flint_and_steel":1,"minecraft:iron_leggings":3,"minecraft:blackstone":2,"minecraft:gold_nugget":4,"minecraft:cobbled_deepslate":35,"minecraft:bucket":1,"minecraft:beef":2,"minecraft:iron_nugget":3,"minecraft:poppy":28,"minecraft:iron_pickaxe":5,"minecraft:chest":3,"minecraft:egg":1,"minecraft:iron_boots":2,"minecraft:furnace":1,"minecraft:stick":10,"minecraft:raw_iron":77,"minecraft:torch":54,"minecraft:spruce_stairs":1,"minecraft:spruce_fence":1,"minecraft:porkchop":4,"minecraft:pointed_dripstone":16,"minecraft:stone_sword":3,"minecraft:arrow":41,"minecraft:rotten_flesh":6,"minecraft:gold_ingot":5,"minecraft:glow_berries":2,"minecraft:mutton":7,"minecraft:obsidian":14,"minecraft:cobblestone":377,"minecraft:white_wool":8,"minecraft:leather_chestplate":1,"minecraft:cooked_beef":4,"minecraft:water_bucket":1,"minecraft:andesite":3,"minecraft:brown_wool":2,"minecraft:leather":2,"minecraft:potato":4,"minecraft:oak_log":10,"minecraft:yellow_bed":1,"minecraft:dirt":1308,"minecraft:cooked_mutton":4,"minecraft:name_tag":1,"minecraft:leather_boots":1,"minecraft:acacia_planks":34,"minecraft:apple":9,"minecraft:bow":5,"minecraft:wheat_seeds":27,"minecraft:raw_gold":6,"minecraft:iron_ingot":24,"minecraft:stone_pickaxe":2,"minecraft:cooked_chicken":1,"minecraft:rabbit":1,"minecraft:stone_hoe":1,"minecraft:iron_sword":1,"minecraft:oak_planks":1,"minecraft:smooth_basalt":1,"minecraft:milk_bucket":2,"minecraft:cooked_porkchop":10,"minecraft:dandelion":4,"minecraft:gravel":5,"minecraft:blast_furnace":3,"minecraft:white_bed":2,"minecraft:spectral_arrow":10,"minecraft:diamond":5,"minecraft:stone_axe":2,"minecraft:iron_helmet":3,"minecraft:emerald":5,"minecraft:bread":118,"minecraft:coal":252},"minecraft:broken":{"minecraft:iron_pickaxe":1,"minecraft:stone_shovel":9},"minecraft:dropped":{"minecraft:dirt":9,"minecraft:string":1,"minecraft:white_wool":1,"minecraft:blackstone":1,"minecraft:iron_nugget":2,"minecraft:stone_sword":1,"minecraft:cobbled_deepslate":5,"minecraft:pointed_dripstone":3,"minecraft:rotten_flesh":4,"minecraft:azure_bluet":1,"minecraft:andesite":1},"minecraft:used":{"minecraft:stone_sword":54,"minecraft:stone_shovel":1370,"minecraft:poppy":1,"minecraft:chest":5,"minecraft:shield":39,"minecraft:iron_sword":130,"minecraft:iron_chestplate":1,"minecraft:torch":110,"minecraft:dirt":1181,"minecraft:mutton":1,"minecraft:spruce_fence":1,"minecraft:azure_bluet":1,"minecraft:iron_helmet":1,"minecraft:iron_boots":2,"minecraft:bow":2,"minecraft:furnace":3,"minecraft:cobbled_deepslate":3,"minecraft:iron_leggings":2,"minecraft:pointed_dripstone":5,"minecraft:water_bucket":4,"minecraft:stone_pickaxe":122,"minecraft:blackstone":1,"minecraft:wooden_pickaxe":4,"minecraft:glow_berries":2,"minecraft:crafting_table":4,"minecraft:blast_furnace":1,"minecraft:white_bed":2,"minecraft:bread":42,"minecraft:brown_wool":1,"minecraft:iron_pickaxe":548,"minecraft:gravel":2,"minecraft:stone_axe":2,"minecraft:cobblestone":45,"minecraft:bucket":5,"minecraft:andesite":2},"minecraft:killed":{"minecraft:spider":1,"minecraft:skeleton":5,"minecraft:pig":2,"minecraft:zombie_villager":1,"minecraft:rabbit":1,"minecraft:sheep":6,"minecraft:zombie":8,"minecraft:cow":1}},"DataVersion":3578}