{"stats":{"minecraft:mined":{"minecraft:red_carpet":4,"minecraft:deepslate_diamond_ore":4,"minecraft:potted_flowering_azalea_bush":1,"minecraft:acacia_log":10,"minecraft:grass_block":10,"minecraft:decorated_pot":1,"minecraft:orange_shulker_box":1,"minecraft:moss_block":1,"minecraft:kelp":1,"minecraft:hay_block":64,"minecraft:magma_block":6,"minecraft:furnace":1,"minecraft:carrots":3,"minecraft:iron_ore":31,"minecraft:fire":1,"minecraft:barrel":1,"minecraft:moss_carpet":1,"minecraft:pumpkin":5,"minecraft:azure_bluet":1,"minecraft:pointed_dripstone":2,"minecraft:dirt_path":1,"minecraft:deepslate_iron_ore":9,"minecraft:oak_stairs":1,"minecraft:black_candle":1,"minecraft:stone":77,"minecraft:white_wool":1,"minecraft:redstone_wall_torch":1,"minecraft:acacia_leaves":1,"minecraft:red_bed":1,"minecraft:blackstone":66,"minecraft:kelp_plant":4,"minecraft:dandelion":1,"minecraft:crafting_table":9,"minecraft:torch":1,"minecraft:poppy":1,"minecraft:chest":6,"minecraft:honeycomb_block":61,"minecraft:tall_grass":16,"minecraft:copper_ore":9,"minecraft:cobblestone":3,"minecraft:deepslate_gold_ore":7,"minecraft:oak_planks":11,"minecraft:wall_torch":2,"minecraft:seagrass":1,"minecraft:spruce_stairs":1,"minecraft:coarse_dirt":1,"minecraft:yellow_bed":3,"minecraft:grass":57,"minecraft:oak_log":78,"minecraft:coal_ore":59,"minecraft:dripstone_block":1,"minecraft:dirt":8,"minecraft:cobweb":2,"minecraft:smooth_basalt":5,"minecraft:oak_leaves":19,"minecraft:deepslate":1,"minecraft:suspicious_gravel":1},"minecraft:killed_by":{"minecraft:zombie_villager":1,"minecraft:player":2,"minecraft:creeper":2,"minecraft:pillager":1,"minecraft:enderman":1,"minecraft:skeleton":2,"minecraft:zombie":2},"minecraft:crafted":{"minecraft:oak_planks":60,"minecraft:stone_shovel":2,"minecraft:furnace":2,"minecraft:cooked_mutton":1,"minecraft:bow":1,"minecraft:iron_boots":1,"minecraft:iron_axe":2,"minecraft:stone_pickaxe":3,"minecraft:chest":1,"minecraft:stone_hoe":1,"minecraft:wheat":576,"minecraft:crimson_planks":4,"minecraft:crafting_table":4,"minecraft:stone_axe":1,"minecraft:bread":156,"minecraft:iron_chestplate":2,"minecraft:shield":4,"minecraft:stick":40,"minecraft:iron_ingot":66,"minecraft:iron_pickaxe":1,"minecraft:wooden_axe":1,"minecraft:stone_sword":1,"minecraft:iron_leggings":1,"minecraft:acacia_planks":4,"minecraft:torch":44},"minecraft:custom":{"minecraft:interact_with_smithing_table":3,"minecraft:interact_with_anvil":21,"minecraft:mob_kills":20,"minecraft:interact_with_crafting_table":39,"minecraft:open_barrel":7,"minecraft:open_shulker_box":6,"minecraft:bell_ring":15,"minecraft:leave_game":33,"minecraft:time_since_death":59490,"minecraft:climb_one_cm":6157,"minecraft:sprint_one_cm":367093,"minecraft:walk_one_cm":1840641,"minecraft:damage_blocked_by_shield":5786,"minecraft:drop":44,"minecraft:talked_to_villager":13,"minecraft:play_time":550804,"minecraft:deaths":12,"minecraft:sneak_time":27672,"minecraft:walk_under_water_one_cm":3683,"minecraft:jump":4029,"minecraft:interact_with_blast_furnace":3,"minecraft:walk_on_water_one_cm":10398,"minecraft:total_world_time":550804,"minecraft:interact_with_furnace":15,"minecraft:pot_flower":1,"minecraft:sleep_in_bed":24,"minecraft:time_since_rest":59680,"minecraft:damage_taken":4571,"minecraft:damage_dealt":2435,"minecraft:fly_one_cm":234856,"minecraft:swim_one_cm":72161,"minecraft:open_chest":75,"minecraft:crouch_one_cm":41989,"minecraft:aviate_one_cm":58211,"minecraft:fall_one_cm":48024,"minecraft:horse_one_cm":82},"minecraft:picked_up":{"minecraft:iron_chestplate":1,"minecraft:shelter_pottery_sherd":1,"minecraft:coarse_dirt":5,"minecraft:crafting_table":8,"minecraft:azure_bluet":9,"minecraft:chicken":1,"minecraft:flower_pot":1,"minecraft:golden_pickaxe":1,"minecraft:oak_stairs":2,"minecraft:enchanted_book":4,"minecraft:stone_brick_stairs":4,"minecraft:shield":3,"minecraft:string":18,"minecraft:red_bed":1,"minecraft:moss_carpet":1,"minecraft:raw_copper":27,"minecraft:iron_axe":4,"minecraft:flint_and_steel":1,"minecraft:iron_leggings":8,"minecraft:blackstone":138,"minecraft:gold_nugget":8,"minecraft:cobbled_deepslate":10,"minecraft:netherite_sword":1,"minecraft:light_weighted_pressure_plate":2,"minecraft:redstone_torch":4,"minecraft:iron_nugget":28,"minecraft:iron_pickaxe":10,"minecraft:enchanted_golden_apple":64,"minecraft:chest":8,"minecraft:egg":4,"minecraft:iron_boots":1,"minecraft:furnace":2,"minecraft:stick":10,"minecraft:raw_iron":86,"minecraft:orange_shulker_box":1,"minecraft:sheaf_pottery_sherd":1,"minecraft:bowl":6,"minecraft:torch":24,"minecraft:acacia_log":10,"minecraft:spruce_stairs":4,"minecraft:porkchop":1,"minecraft:honeycomb_block":34,"minecraft:pointed_dripstone":11,"minecraft:trident":2,"minecraft:carrot":22,"minecraft:netherite_pickaxe":1,"minecraft:goat_horn":1,"minecraft:stone_shovel":1,"minecraft:stone_sword":10,"minecraft:arrow":354,"minecraft:rotten_flesh":12,"minecraft:hay_block":64,"minecraft:totem_of_undying":2,"minecraft:netherite_chestplate":1,"minecraft:mutton":23,"minecraft:white_wool":12,"minecraft:cobblestone":188,"minecraft:magma_block":34,"minecraft:leather_chestplate":7,"minecraft:feather":3,"minecraft:cooked_beef":36,"minecraft:golden_carrot":64,"minecraft:andesite":2,"minecraft:potato":7,"minecraft:tuff":9,"minecraft:oak_log":147,"minecraft:yellow_bed":3,"minecraft:netherite_leggings":1,"minecraft:dirt":58,"minecraft:name_tag":2,"minecraft:leather_boots":4,"minecraft:cooked_mutton":7,"minecraft:red_carpet":4,"minecraft:bone":23,"minecraft:apple":30,"minecraft:kelp":2,"minecraft:bow":8,"minecraft:wheat_seeds":12,"minecraft:raw_gold":7,"minecraft:stone_pickaxe":7,"minecraft:iron_ingot":30,"minecraft:popped_chorus_fruit":64,"minecraft:netherite_axe":1,"minecraft:stone_hoe":3,"minecraft:iron_sword":1,"minecraft:oak_planks":15,"minecraft:flowering_azalea":1,"minecraft:book":2,"minecraft:scaffolding":64,"minecraft:smooth_basalt":8,"minecraft:black_candle":4,"minecraft:milk_bucket":8,"minecraft:pumpkin":5,"minecraft:dandelion":4,"minecraft:dripstone_block":19,"minecraft:soul_torch":65,"minecraft:gold_ore":2,"minecraft:spectral_arrow":20,"minecraft:spider_eye":4,"minecraft:barrel":1,"minecraft:snort_pottery_sherd":1,"minecraft:diamond":14,"minecraft:angler_pottery_sherd":1,"minecraft:stone_axe":3,"minecraft:netherite_helmet":1,"minecraft:iron_helmet":7,"minecraft:emerald":4,"minecraft:bread":105,"minecraft:netherrack":2,"minecraft:chorus_fruit":58,"minecraft:coal":88,"minecraft:diamond_pickaxe":1,"minecraft:ender_pearl":16},"minecraft:broken":{"minecraft:shield":2,"minecraft:golden_pickaxe":1,"minecraft:wooden_axe":1},"minecraft:used":{"minecraft:trident":6,"minecraft:netherite_sword":3,"minecraft:stone_sword":115,"minecraft:stone_shovel":5,"minecraft:elytra":1,"minecraft:chest":5,"minecraft:shield":249,"minecraft:stone_hoe":68,"minecraft:torch":40,"minecraft:dirt":40,"minecraft:carrot":2,"minecraft:warden_spawn_egg":3,"minecraft:wooden_axe":62,"minecraft:iron_axe":5,"minecraft:orange_shulker_box":1,"minecraft:iron_helmet":1,"minecraft:barrel":1,"minecraft:red_carpet":4,"minecraft:golden_carrot":2,"minecraft:bow":6,"minecraft:goat_horn":4,"minecraft:furnace":3,"minecraft:netherite_pickaxe":25,"minecraft:egg":1,"minecraft:cooked_beef":8,"minecraft:iron_leggings":2,"minecraft:cooked_mutton":1,"minecraft:chorus_fruit":8,"minecraft:stone_pickaxe":181,"minecraft:oak_planks":1,"minecraft:ender_pearl":7,"minecraft:leather_chestplate":1,"minecraft:white_wool":1,"minecraft:crafting_table":11,"minecraft:red_bed":1,"minecraft:netherite_helmet":1,"minecraft:flower_pot":1,"minecraft:firework_rocket":11,"minecraft:bread":13,"minecraft:iron_pickaxe":77,"minecraft:netherite_axe":38,"minecraft:stone_axe":28,"minecraft:cobblestone":11,"minecraft:yellow_bed":3,"minecraft:soul_torch":16,"minecraft:coarse_dirt":3,"minecraft:cobweb":2,"minecraft:golden_pickaxe":32},"minecraft:dropped":{"minecraft:bread":63,"minecraft:iron_ingot":4,"minecraft:enchanted_book":3,"minecraft:oak_log":30,"minecraft:netherite_helmet":1,"minecraft:rotten_flesh":2,"minecraft:shield":1,"minecraft:iron_chestplate":1,"minecraft:bow":1},"minecraft:killed":{"minecraft:spider":1,"minecraft:skeleton":5,"minecraft:chicken":2,"minecraft:pig":1,"minecraft:sheep":3,"minecraft:pillager":3,"minecraft:zombie":3}},"DataVersion":3578}