{"stats":{"minecraft:killed":{"minecraft:skeleton":5,"minecraft:chicken":1,"minecraft:sheep":1,"minecraft:pillager":2,"minecraft:zombie":1},"minecraft:picked_up":{"minecraft:crafting_table":3,"minecraft:shelter_pottery_sherd":1,"minecraft:coarse_dirt":5,"minecraft:azure_bluet":6,"minecraft:chicken":1,"minecraft:flower_pot":1,"minecraft:golden_pickaxe":1,"minecraft:oak_stairs":2,"minecraft:enchanted_book":1,"minecraft:stone_brick_stairs":4,"minecraft:shield":1,"minecraft:string":8,"minecraft:red_bed":1,"minecraft:moss_carpet":1,"minecraft:raw_copper":27,"minecraft:iron_leggings":3,"minecraft:gold_nugget":8,"minecraft:light_weighted_pressure_plate":2,"minecraft:iron_nugget":28,"minecraft:iron_pickaxe":3,"minecraft:chest":8,"minecraft:furnace":2,"minecraft:egg":2,"minecraft:stick":8,"minecraft:raw_iron":36,"minecraft:sheaf_pottery_sherd":1,"minecraft:torch":12,"minecraft:bowl":6,"minecraft:acacia_log":10,"minecraft:spruce_stairs":2,"minecraft:stone_sword":7,"minecraft:arrow":111,"minecraft:rotten_flesh":1,"minecraft:stone_shovel":1,"minecraft:hay_block":64,"minecraft:mutton":5,"minecraft:cobblestone":106,"minecraft:white_wool":5,"minecraft:leather_chestplate":4,"minecraft:feather":3,"minecraft:cooked_beef":21,"minecraft:potato":7,"minecraft:oak_log":23,"minecraft:yellow_bed":2,"minecraft:dirt":52,"minecraft:name_tag":2,"minecraft:leather_boots":4,"minecraft:cooked_mutton":1,"minecraft:red_carpet":4,"minecraft:bone":11,"minecraft:apple":30,"minecraft:kelp":2,"minecraft:bow":3,"minecraft:wheat_seeds":6,"minecraft:iron_ingot":6,"minecraft:stone_pickaxe":6,"minecraft:stone_hoe":3,"minecraft:oak_planks":2,"minecraft:flowering_azalea":1,"minecraft:book":2,"minecraft:milk_bucket":3,"minecraft:black_candle":4,"minecraft:pumpkin":5,"minecraft:dandelion":1,"minecraft:dripstone_block":1,"minecraft:gold_ore":2,"minecraft:spectral_arrow":20,"minecraft:barrel":1,"minecraft:snort_pottery_sherd":1,"minecraft:stone_axe":2,"minecraft:angler_pottery_sherd":1,"minecraft:iron_helmet":2,"minecraft:bread":2,"minecraft:netherrack":2,"minecraft:coal":84},"minecraft:broken":{"minecraft:shield":1,"minecraft:golden_pickaxe":1},"minecraft:used":{"minecraft:stone_sword":95,"minecraft:stone_shovel":5,"minecraft:chest":5,"minecraft:shield":106,"minecraft:stone_hoe":68,"minecraft:torch":14,"minecraft:dirt":40,"minecraft:barrel":1,"minecraft:red_carpet":4,"minecraft:bow":5,"minecraft:furnace":2,"minecraft:egg":1,"minecraft:cooked_beef":4,"minecraft:cooked_mutton":1,"minecraft:stone_pickaxe":152,"minecraft:oak_planks":1,"minecraft:white_wool":1,"minecraft:crafting_table":4,"minecraft:red_bed":1,"minecraft:flower_pot":1,"minecraft:bread":12,"minecraft:stone_axe":28,"minecraft:cobblestone":9,"minecraft:yellow_bed":2,"minecraft:coarse_dirt":3,"minecraft:golden_pickaxe":32,"minecraft:cobweb":2},"minecraft:crafted":{"minecraft:oak_planks":40,"minecraft:stone_shovel":1,"minecraft:furnace":1,"minecraft:cooked_mutton":1,"minecraft:bow":1,"minecraft:stone_pickaxe":2,"minecraft:chest":1,"minecraft:stone_hoe":1,"minecraft:wheat":576,"minecraft:crafting_table":2,"minecraft:stone_axe":1,"minecraft:bread":156,"minecraft:iron_chestplate":1,"minecraft:shield":2,"minecraft:stick":28,"minecraft:iron_ingot":20,"minecraft:stone_sword":1,"minecraft:iron_leggings":1,"minecraft:acacia_planks":4,"minecraft:torch":28},"minecraft:custom":{"minecraft:mob_kills":11,"minecraft:interact_with_crafting_table":21,"minecraft:open_barrel":7,"minecraft:leave_game":24,"minecraft:time_since_death":40551,"minecraft:climb_one_cm":5445,"minecraft:sprint_one_cm":231730,"minecraft:walk_one_cm":1540317,"minecraft:damage_blocked_by_shield":2970,"minecraft:drop":34,"minecraft:talked_to_villager":13,"minecraft:play_time":340793,"minecraft:sneak_time":14907,"minecraft:deaths":5,"minecraft:walk_under_water_one_cm":1430,"minecraft:jump":2709,"minecraft:interact_with_blast_furnace":3,"minecraft:walk_on_water_one_cm":1637,"minecraft:total_world_time":340793,"minecraft:interact_with_furnace":9,"minecraft:pot_flower":1,"minecraft:sleep_in_bed":24,"minecraft:time_since_rest":22965,"minecraft:damage_taken":2078,"minecraft:damage_dealt":1542,"minecraft:swim_one_cm":21509,"minecraft:fly_one_cm":55311,"minecraft:open_chest":75,"minecraft:crouch_one_cm":21519,"minecraft:fall_one_cm":28094,"minecraft:horse_one_cm":82},"minecraft:dropped":{"minecraft:bread":36,"minecraft:iron_chestplate":1},"minecraft:killed_by":{"minecraft:zombie_villager":1,"minecraft:creeper":1,"minecraft:enderman":1,"minecraft:zombie":1},"minecraft:mined":{"minecraft:red_carpet":4,"minecraft:potted_flowering_azalea_bush":1,"minecraft:acacia_log":10,"minecraft:grass_block":8,"minecraft:decorated_pot":1,"minecraft:moss_block":1,"minecraft:kelp":1,"minecraft:hay_block":64,"minecraft:furnace":1,"minecraft:iron_ore":31,"minecraft:barrel":1,"minecraft:moss_carpet":1,"minecraft:pumpkin":5,"minecraft:azure_bluet":1,"minecraft:deepslate_iron_ore":2,"minecraft:dirt_path":1,"minecraft:oak_stairs":1,"minecraft:black_candle":1,"minecraft:stone":77,"minecraft:white_wool":1,"minecraft:acacia_leaves":1,"minecraft:red_bed":1,"minecraft:kelp_plant":4,"minecraft:dandelion":1,"minecraft:crafting_table":3,"minecraft:poppy":1,"minecraft:chest":6,"minecraft:cobblestone":1,"minecraft:tall_grass":15,"minecraft:copper_ore":9,"minecraft:oak_planks":2,"minecraft:seagrass":1,"minecraft:spruce_stairs":1,"minecraft:coarse_dirt":1,"minecraft:yellow_bed":2,"minecraft:grass":49,"minecraft:oak_log":11,"minecraft:coal_ore":56,"minecraft:dripstone_block":1,"minecraft:dirt":8,"minecraft:cobweb":2,"minecraft:oak_leaves":2,"minecraft:suspicious_gravel":1}},"DataVersion":3578}